{"stats":{"minecraft:used":{"minecraft:stone_bricks":1,"minecraft:chiseled_polished_blackstone":2,"minecraft:nether_brick_fence":1,"minecraft:stripped_warped_hyphae":4,"minecraft:torch":22,"minecraft:mangrove_log":14,"minecraft:warped_trapdoor":69,"minecraft:mangrove_trapdoor":67,"minecraft:mangrove_door":5,"minecraft:mangrove_stairs":168,"minecraft:oak_slab":1,"minecraft:loom":1,"minecraft:grass_block":3,"minecraft:red_stained_glass":6,"minecraft:mangrove_slab":3,"minecraft:nether_bricks":63,"minecraft:red_nether_bricks":16,"minecraft:mangrove_planks":607,"minecraft:red_banner":7,"minecraft:chain":39,"minecraft:nether_brick_slab":3,"minecraft:stripped_warped_stem":30,"minecraft:skeleton_skull":2,"minecraft:chest":2,"minecraft:red_nether_brick_stairs":38,"minecraft:deepslate_brick_stairs":101,"minecraft:deepslate_bricks":14,"minecraft:deepslate_tile_wall":8},"minecraft:custom":{"minecraft:time_since_rest":85727,"minecraft:open_chest":12,"minecraft:sprint_one_cm":4504,"minecraft:crouch_one_cm":960,"minecraft:interact_with_loom":10,"minecraft:play_time":91281,"minecraft:deaths":1,"minecraft:walk_one_cm":66737,"minecraft:sneak_time":1365,"minecraft:jump":59,"minecraft:leave_game":3,"minecraft:time_since_death":85695,"minecraft:total_world_time":91281,"minecraft:fly_one_cm":202269},"minecraft:picked_up":{"minecraft:soul_lantern":1}},"DataVersion":4189}