{"stats":{"minecraft:used":{"minecraft:structure_void":316,"minecraft:mangrove_stairs":1,"minecraft:structure_block":2,"minecraft:grass_block":64},"minecraft:custom":{"minecraft:jump":17,"minecraft:time_since_rest":12494,"minecraft:crouch_one_cm":4,"minecraft:leave_game":3,"minecraft:play_time":12494,"minecraft:sprint_one_cm":5139,"minecraft:time_since_death":12494,"minecraft:walk_one_cm":19647,"minecraft:sneak_time":253,"minecraft:total_world_time":13413,"minecraft:fly_one_cm":40679}},"DataVersion":4189}