{"stats":{"minecraft:used":{"minecraft:deepslate_tile_wall":17,"minecraft:crimson_stem":12,"minecraft:purple_stained_glass_pane":16,"minecraft:chiseled_polished_blackstone":6,"minecraft:nether_brick_fence":2,"minecraft:warped_stem":9,"minecraft:cherry_wood":4,"minecraft:sea_lantern":21,"minecraft:nether_brick_wall":65,"minecraft:iron_bars":27,"minecraft:mangrove_stairs":1,"minecraft:warped_trapdoor":107,"minecraft:purple_candle":32,"minecraft:warped_hanging_sign":3,"minecraft:mangrove_door":10,"minecraft:flint_and_steel":33,"minecraft:wither_skeleton_skull":6,"minecraft:warped_hyphae":53,"minecraft:cracked_deepslate_bricks":3,"minecraft:black_stained_glass_pane":2,"minecraft:lantern":2,"minecraft:grass_block":2,"minecraft:pale_oak_planks":1,"minecraft:mangrove_planks":175,"minecraft:red_nether_bricks":32,"minecraft:polished_deepslate_wall":11,"minecraft:polished_blackstone_brick_wall":14,"minecraft:stripped_warped_stem":59,"minecraft:chest":3,"minecraft:cracked_nether_bricks":4,"minecraft:polished_tuff_wall":9,"minecraft:red_nether_brick_stairs":60,"minecraft:chiseled_nether_bricks":33,"minecraft:polished_blackstone_wall":10,"minecraft:crimson_planks":5,"minecraft:deepslate_bricks":4,"minecraft:soul_lantern":44,"minecraft:blue_candle":13,"minecraft:red_stained_glass_pane":3,"minecraft:red_nether_brick_wall":17,"minecraft:magma_block":12,"minecraft:mangrove_trapdoor":119,"minecraft:mangrove_slab":31,"minecraft:nether_bricks":261,"minecraft:red_banner":14,"minecraft:black_banner":6,"minecraft:crimson_hyphae":12,"minecraft:black_candle":68,"minecraft:chain":68,"minecraft:nether_brick_slab":9,"minecraft:blackstone_wall":13,"minecraft:skeleton_skull":8,"minecraft:pale_oak_wood":13,"minecraft:spruce_log":5,"minecraft:nether_brick_stairs":4,"minecraft:deepslate_brick_stairs":261,"minecraft:lightning_rod":2,"minecraft:soul_torch":4,"minecraft:cobbled_deepslate_wall":11,"minecraft:deepslate_brick_wall":9},"minecraft:custom":{"minecraft:time_since_rest":102209,"minecraft:sprint_one_cm":3737,"minecraft:walk_one_cm":252610,"minecraft:drop":2,"minecraft:fly_one_cm":166570,"minecraft:open_chest":6,"minecraft:crouch_one_cm":116,"minecraft:play_time":118918,"minecraft:deaths":1,"minecraft:sneak_time":1007,"minecraft:jump":118,"minecraft:leave_game":3,"minecraft:time_since_death":102183,"minecraft:total_world_time":119939},"minecraft:dropped":{"minecraft:black_banner":1,"minecraft:grass_block":1},"minecraft:picked_up":{"minecraft:torch":1,"minecraft:red_banner":433,"minecraft:grass_block":1,"minecraft:soul_lantern":3,"minecraft:black_banner":1}},"DataVersion":4189}