{
  "message0": "Add header %1 with value %2 to request %3",
  "args0": [
    {
      "type": "input_value",
      "name": "name",
      "check": "String"
    },
    {
      "type": "input_value",
      "name": "value",
      "check": "String"
    },
    {
      "type": "input_value",
      "name": "request",
      "check": "httprequest"
    }
  ],
  "inputsInline": true,
  "output": "httprequest",
  "colour": 220,
  "mcreator": {
    "toolbox_id": "httputils",
    "toolbox_init": [
      "<value name=\"name\"><block type=\"text\"><field name=\"TEXT\">Content-Type</field></block></value>",
      "<value name=\"value\"><block type=\"text\"><field name=\"TEXT\">application/json</field></block></value>"
    ],
    "inputs": [
      "name",
      "value",
      "request"
    ]
  }
}