{
  "message0": "Create POST request to URL: %1 with JSON body: %2",
  "args0": [
    {
      "type": "input_value",
      "name": "url",
      "check": "String"
    },
    {
      "type": "input_value",
      "name": "body",
      "check": "String"
    }
  ],
  "inputsInline": true,
  "output": "httprequest",
  "colour": 220,
  "mcreator": {
    "toolbox_id": "httputils",
    "toolbox_init": [
      "<value name=\"url\"><block type=\"text\"><field name=\"TEXT\">https://api.example.com/data</field></block></value>",
      "<value name=\"body\"><block type=\"text\"><field name=\"TEXT\">{\\\"key\\\":\\\"value\\\"}</field></block></value>"
    ],
    "inputs": [
      "url",
      "body"
    ]
  }
}