{
  "args0": [
    {
      "type": "input_value",
      "name": "json",
      "check": "String"
    },
    {
      "type": "input_value",
      "name": "key",
      "check": "String"
    }
  ],
  "inputsInline": true,
  "output": "String",
  "colour": 220,
  "mcreator": {
    "toolbox_id": "httputils",
    "toolbox_init": [
      "<value name=\"key\"><block type=\"text\"><field name=\"TEXT\">species.name</field></block></value>"
    ],
    "inputs": [
      "json",
      "key"
    ]
  }
}