{
  "message0": "HTTP request %1 status equals %2",
  "args0": [
    {
      "type": "input_value",
      "name": "request",
      "check": "httprequest"
    },
    {
      "type": "input_value",
      "name": "status",
      "check": "Number"
    }
  ],
  "inputsInline": true,
  "output": "Boolean",
  "colour": 220,
  "mcreator": {
    "toolbox_id": "httputils",
    "toolbox_init": [
      "<value name=\"status\"><block type=\"math_number\"><field name=\"NUM\">200</field></block></value>"
    ],
    "inputs": [
      "request",
      "status"
    ]
  }
}