{
  "args0": [
    {
      "type": "input_value",
      "name": "name",
      "check": "String"
    },
    {
      "type": "field_variable",
      "name": "request",
      "variable": "request"
    }
  ],
  "output": "String",
  "colour": 220,
  "mcreator": {
    "toolbox_id": "httputils",
    "toolbox_init": [
      "<value name=\"name\"><block type=\"text\"><field name=\"TEXT\">Content-Type</field></block></value>"
    ],
    "inputs": [
      "name"
    ],
    "fields": [
      "request"
    ]
  }
}