{
  "message0": "Bekle %1 %2 %3 yap %4",
  "args0": [
    {
      "type": "input_dummy"
    },
    {
      "type": "input_value",
      "name": "ticks",
      "check": "Number"
    },
    {
      "type": "input_dummy"
    },
    {
      "type": "input_statement",
      "name": "do"
    }
  ],
  "inputInLine": true,
  "previousStatement": null,
  "nextStatement": null,
  "colour": 120,
  "mcreator": {
    "toolbox_id": "memirzabri",
    "toolbox_init": [
      "<value name=\"ticks\"><block type=\"math_number\"><field name=\"NUM\">20</field></block></value>"
    ],
    "inputs": [
      "ticks"
    ],
    "dependencies": [
      {
        "name": "world",
        "type": "world"
      }
    ],
    "statements": [
      {
        "name": "do",
        "disable_local_variables": true
      }
    ]
  }
}