{
  "message0": "Fırlat %4 with power: %1 damage: %2 and knockback: %3 type:",
  "args0": [
    {
      "type": "input_value",
      "name": "speed",
      "check": "Number"
    },
    {
      "type": "input_value",
      "name": "damage",
      "check": "Number"
    },
    {
      "type": "input_value",
      "name": "knockback",
      "check": "Number"
    },
    {
      "type": "input_value",
      "name": "entity",
      "check": "Entity"
    }
  ],
  "extensions": [
    "rangeditem_list_provider"
  ],
  "inputsInline": true,
  "previousStatement": null,
  "nextStatement": null,
  "colour": 195,
  "mcreator": {
    "toolbox_id": "memirzabri",
    "toolbox_init": [
      "<value name=\"speed\"><block type=\"math_number\"><field name=\"NUM\">1</field></block></value>",
      "<value name=\"damage\"><block type=\"math_number\"><field name=\"NUM\">5</field></block></value>",
      "<value name=\"knockback\"><block type=\"math_number\"><field name=\"NUM\">5</field></block></value>",
      "<value name=\"entity\"><block type=\"entity_from_deps\"></block></value>"
    ],
    "inputs": [
      "speed",
      "damage",
      "knockback",
      "entity"
    ],
    "fields": [
      "rangeditem"
    ]
  }
}